{
	"description": "项目配置文件。",
	"setting": {
		"urlCheck": true,
		"es6": true,
		"postcss": true,
		"minified": true,
		"newFeature": true
	},
	"compileType": "miniprogram",
	"libVersion": "1.9.1",
	"appid": "wx34cb2999288de45e",
	"projectname": "parkingSpace",
	"condition": {
		"search": {
			"current": -1,
			"list": []
		},
		"conversation": {
			"current": -1,
			"list": []
		},
		"plugin": {
			"current": -1,
			"list": []
		},
		"game": {
			"current": -1,
			"list": []
		},
		"miniprogram": {
			"current": -1,
			"list": [
				{
					"id": 0,
					"name": "充值",
					"pathName": "pages/rechargeCash/rechargeCash",
					"query": "id=2&xqid=3"
				},
				{
					"id": 1,
					"name": "月卡充值",
					"pathName": "pages/rechargeMonth/rechargeMonth",
					"query": "id=1&xqid=3"
				},
				{
					"id": 2,
					"name": "charging",
					"pathName": "pages/electricize/electricize",
					"query": "state=110"
				},
				{
					"id": -1,
					"name": "注册协议",
					"pathName": "pages/protocol/protocol",
					"query": ""
				},
				{
					"id": -1,
					"name": "充值协议",
					"pathName": "pages/chargeRule/chargeRule",
					"query": ""
				},
				{
					"id": 5,
					"name": "绑定手机号",
					"pathName": "pages/bindinfo/bindinfo",
					"query": "xqid=1"
				},
				{
					"id": 6,
					"name": "选择充电桩",
					"pathName": "pages/parkdetail/parkdetail",
					"query": "id=1"
				},
				{
					"id": -1,
					"name": "钱包明细",
					"pathName": "pages/wallet/wallet",
					"query": ""
				},
				{
					"id": 8,
					"name": "充电结束",
					"pathName": "pages/account/account",
					"query": "order_no=CD20171211172816546372"
				},
				{
					"id": 9,
					"name": "充电结束2",
					"pathName": "pages/account/account",
					"query": "order_no=CD20180322112324841051"
				},
				{
					"id": -1,
					"name": "充值",
					"pathName": "pages/recharge/recharge",
					"query": "id=1&xqid=3"
				},
				{
					"id": -1,
					"name": "我的",
					"pathName": "pages/myinfo/myinfo",
					"query": ""
				}
			]
		}
	}
}