{
	"description": "项目配置文件。",
	"setting": {
		"urlCheck": true,
		"es6": true,
		"postcss": true,
		"minified": true,
		"newFeature": true
	},
	"compileType": "miniprogram",
	"libVersion": "1.9.1",
	"appid": "wx34cb2999288de45e",
	"projectname": "parkingSpace",
	"condition": {
		"search": {
			"current": -1,
			"list": []
		},
		"conversation": {
			"current": -1,
			"list": []
		},
		"game": {
			"current": -1,
			"list": []
		},
		"miniprogram": {
			"current": -1,
			"list": [
				{
					"id": 0,
					"name": "充值",
					"pathName": "pages/recharge/recharge",
					"query": "id=1&xqid=3"
				},
				{
					"id": -1,
					"name": "充值",
					"pathName": "pages/recharge/recharge",
					"query": "id=2&xqid=3"
				},
				{
					"id": 2,
					"name": "charging",
					"pathName": "pages/electricize/electricize",
					"query": "state=110"
				},
				{
					"id": -1,
					"name": "注册协议",
					"pathName": "pages/protocol/protocol",
					"query": ""
				},
				{
					"id": -1,
					"name": "充值协议",
					"pathName": "pages/chargeRule/chargeRule",
					"query": ""
				},
				{
					"id": 5,
					"name": "绑定手机号",
					"pathName": "pages/bindinfo/bindinfo",
					"query": "xaid=1"
				}
			]
		}
	}
}